member_id,event_type,days_ago
M0001,app_session,4
M0001,app_session,3
M0001,app_session,11
M0001,app_session,27
M0001,app_session,29
M0001,app_session,64
M0001,app_session,77
M0001,app_session,3
M0001,app_session,71
M0001,app_session,25
M0001,app_session,83
M0001,app_session,89
M0001,benefit_view,28
M0001,benefit_view,57
M0001,benefit_view,75
M0001,benefit_view,35
M0002,app_session,58
M0002,app_session,68
M0002,app_session,15
M0002,app_session,48
M0002,app_session,10
M0002,app_session,70
M0002,app_session,37
M0002,app_session,80
M0002,app_session,79
M0002,benefit_view,24
M0002,benefit_view,90
M0003,app_session,9
M0003,app_session,77
M0003,app_session,81
M0003,app_session,21
M0003,benefit_view,31
M0003,benefit_view,20
M0003,benefit_view,59
M0003,benefit_view,48
M0003,appointment,88
M0003,appointment,71
M0004,app_session,27
M0004,app_session,83
M0004,app_session,63
M0004,app_session,50
M0004,app_session,82
M0004,app_session,58
M0004,app_session,18
M0004,app_session,33
M0004,app_session,17
M0004,app_session,31
M0004,app_session,71
M0004,app_session,68
M0004,benefit_view,74
M0004,benefit_view,54
M0004,appointment,46
M0005,app_session,32
M0005,app_session,70
M0005,app_session,1
M0005,app_session,87
M0005,app_session,14
M0005,app_session,87
M0005,app_session,68
M0005,app_session,34
M0005,app_session,82
M0005,app_session,43
M0005,app_session,14
M0005,app_session,37
M0005,app_session,55
M0005,app_session,20
M0005,benefit_view,33
M0005,benefit_view,64
M0005,benefit_view,22
M0005,support_ticket,81
M0006,app_session,14
M0006,app_session,46
M0006,app_session,39
M0006,app_session,30
M0006,app_session,7
M0006,app_session,30
M0006,app_session,72
M0006,app_session,10
M0006,app_session,10
M0006,app_session,62
M0006,app_session,8
M0006,app_session,68
M0006,app_session,16
M0006,benefit_view,60
M0006,support_ticket,77
M0006,support_ticket,54
M0006,support_ticket,27
M0007,app_session,29
M0007,app_session,75
M0007,app_session,28
M0007,app_session,0
M0007,app_session,9
M0007,app_session,90
M0007,benefit_view,29
M0007,benefit_view,8
M0007,benefit_view,4
M0007,benefit_view,42
M0007,benefit_view,9
M0008,app_session,12
M0008,app_session,84
M0008,app_session,55
M0008,app_session,45
M0008,benefit_view,59
M0008,benefit_view,6
M0008,benefit_view,86
M0008,appointment,12
M0008,appointment,7
M0008,support_ticket,43
M0009,app_session,6
M0009,app_session,83
M0009,app_session,69
M0009,app_session,1
M0009,app_session,11
M0009,app_session,30
M0009,app_session,21
M0009,app_session,52
M0009,app_session,62
M0009,app_session,61
M0009,app_session,27
M0009,benefit_view,21
M0009,benefit_view,48
M0009,benefit_view,0
M0009,appointment,58
M0010,app_session,64
M0010,app_session,67
M0010,app_session,20
M0010,app_session,7
M0010,app_session,65
M0010,app_session,10
M0010,app_session,23
M0010,app_session,8
M0010,app_session,76
M0010,app_session,8
M0010,app_session,86
M0010,benefit_view,15
M0010,support_ticket,5
M0011,benefit_view,9
M0011,benefit_view,1
M0011,benefit_view,58
M0011,appointment,12
M0011,appointment,9
M0011,support_ticket,64
M0012,app_session,83
M0012,app_session,67
M0012,app_session,1
M0012,app_session,85
M0012,app_session,70
M0012,app_session,38
M0012,app_session,84
M0013,app_session,81
M0013,app_session,54
M0013,app_session,35
M0013,app_session,5
M0013,app_session,0
M0013,app_session,42
M0013,app_session,16
M0013,app_session,81
M0013,benefit_view,56
M0013,benefit_view,70
M0013,appointment,71
M0013,support_ticket,9
M0013,support_ticket,88
M0014,app_session,26
M0014,app_session,87
M0014,app_session,31
M0014,app_session,85
M0014,app_session,13
M0014,benefit_view,52
M0014,benefit_view,79
M0015,app_session,48
M0015,app_session,4
M0015,app_session,60
M0015,benefit_view,58
M0015,appointment,29
M0015,support_ticket,84
M0016,app_session,3
M0016,app_session,14
M0016,app_session,33
M0016,app_session,22
M0016,app_session,74
M0016,app_session,33
M0016,app_session,4
M0016,app_session,13
M0016,app_session,76
M0016,app_session,55
M0016,app_session,44
M0016,app_session,40
M0016,app_session,55
M0016,app_session,77
M0016,app_session,65
M0016,app_session,14
M0016,app_session,49
M0016,app_session,73
M0016,app_session,24
M0016,benefit_view,90
M0016,benefit_view,55
M0016,appointment,68
M0016,appointment,87
M0017,app_session,41
M0017,app_session,51
M0017,app_session,89
M0017,app_session,37
M0017,app_session,70
M0017,app_session,16
M0017,benefit_view,85
M0017,appointment,22
M0017,appointment,78
M0017,support_ticket,51
M0018,app_session,60
M0018,app_session,21
M0018,app_session,84
M0018,app_session,10
M0018,app_session,36
M0018,benefit_view,81
M0018,benefit_view,79
M0018,benefit_view,42
M0018,benefit_view,11
M0018,appointment,39
M0018,appointment,28
M0018,support_ticket,3
M0019,app_session,83
M0019,app_session,88
M0019,app_session,0
M0019,app_session,13
M0019,app_session,54
M0019,app_session,28
M0019,app_session,22
M0019,app_session,89
M0019,app_session,66
M0019,benefit_view,71
M0019,benefit_view,31
M0019,benefit_view,15
M0019,support_ticket,67
M0020,app_session,60
M0020,app_session,57
M0020,app_session,33
M0020,benefit_view,35
M0020,appointment,80
M0020,support_ticket,56
M0020,support_ticket,9
M0021,app_session,69
M0021,app_session,59
M0021,app_session,53
M0021,app_session,7
M0021,app_session,26
M0021,app_session,53
M0021,app_session,49
M0021,app_session,74
M0021,app_session,89
M0021,app_session,2
M0021,benefit_view,61
M0021,benefit_view,0
M0021,benefit_view,45
M0021,benefit_view,38
M0021,appointment,68
M0022,app_session,16
M0022,app_session,79
M0022,app_session,68
M0022,app_session,3
M0022,app_session,50
M0022,app_session,75
M0022,app_session,72
M0022,benefit_view,10
M0022,benefit_view,82
M0022,benefit_view,54
M0022,benefit_view,17
M0022,benefit_view,59
M0023,app_session,28
M0023,app_session,83
M0023,app_session,8
M0023,app_session,83
M0023,app_session,5
M0023,app_session,3
M0023,app_session,31
M0023,app_session,25
M0023,app_session,2
M0023,app_session,79
M0023,app_session,19
M0023,benefit_view,60
M0024,app_session,74
M0024,app_session,3
M0024,app_session,39
M0024,app_session,73
M0024,app_session,86
M0024,app_session,48
M0024,benefit_view,25
M0024,benefit_view,9
M0024,benefit_view,75
M0024,appointment,31
M0024,appointment,13
M0024,support_ticket,87
M0024,support_ticket,76
M0024,support_ticket,15
M0025,app_session,58
M0025,app_session,90
M0025,app_session,19
M0025,app_session,55
M0025,benefit_view,66
M0025,appointment,78
M0026,app_session,72
M0026,app_session,78
M0026,app_session,85
M0026,app_session,48
M0026,app_session,43
M0026,app_session,3
M0026,app_session,63
M0026,app_session,41
M0026,app_session,23
M0026,app_session,62
M0026,app_session,27
M0026,app_session,45
M0026,app_session,33
M0026,benefit_view,76
M0026,benefit_view,89
M0026,appointment,1
M0026,appointment,66
M0026,support_ticket,30
M0026,support_ticket,52
M0027,benefit_view,44
M0027,benefit_view,54
M0027,benefit_view,70
M0027,benefit_view,42
M0027,appointment,58
M0027,appointment,34
M0028,app_session,75
M0028,app_session,67
M0028,app_session,76
M0028,app_session,36
M0028,app_session,12
M0028,app_session,24
M0028,app_session,37
M0028,app_session,29
M0028,app_session,46
M0028,benefit_view,1
M0028,appointment,16
M0028,appointment,35
M0029,app_session,61
M0029,app_session,14
M0029,app_session,8
M0029,app_session,51
M0029,app_session,62
M0029,app_session,9
M0029,app_session,73
M0029,app_session,80
M0029,app_session,87
M0029,app_session,6
M0029,app_session,19
M0029,app_session,19
M0029,benefit_view,10
M0029,benefit_view,31
M0029,benefit_view,15
M0029,benefit_view,71
M0029,appointment,76
M0029,appointment,79
M0030,app_session,26
M0030,app_session,80
M0030,app_session,27
M0030,app_session,33
M0030,benefit_view,20
M0030,benefit_view,30
M0030,benefit_view,22
M0030,benefit_view,70
M0030,benefit_view,9
M0030,support_ticket,88
M0030,support_ticket,76
M0030,support_ticket,60
M0030,support_ticket,37
M0031,app_session,14
M0031,app_session,69
M0031,app_session,28
M0031,app_session,82
M0031,app_session,19
M0031,app_session,34
M0031,app_session,18
M0031,app_session,9
M0031,app_session,7
M0031,app_session,21
M0031,benefit_view,72
M0031,benefit_view,36
M0031,support_ticket,38
M0031,support_ticket,89
M0031,support_ticket,51
M0032,app_session,75
M0032,app_session,2
M0032,app_session,86
M0032,app_session,34
M0032,app_session,73
M0032,app_session,5
M0032,app_session,22
M0032,benefit_view,83
M0032,benefit_view,56
M0032,benefit_view,35
M0032,appointment,55
M0032,appointment,81
M0033,app_session,58
M0033,app_session,11
M0033,app_session,40
M0033,app_session,32
M0033,app_session,41
M0033,app_session,14
M0033,app_session,51
M0033,app_session,65
M0033,app_session,0
M0033,app_session,84
M0033,app_session,69
M0033,benefit_view,6
M0033,benefit_view,24
M0033,benefit_view,66
M0033,appointment,63
M0033,appointment,80
M0033,support_ticket,26
M0034,app_session,39
M0034,app_session,70
M0034,app_session,1
M0034,app_session,70
M0034,app_session,52
M0034,app_session,11
M0034,app_session,28
M0034,app_session,14
M0034,app_session,59
M0034,app_session,15
M0034,benefit_view,63
M0034,benefit_view,37
M0034,benefit_view,65
M0034,benefit_view,90
M0034,benefit_view,34
M0034,appointment,60
M0035,appointment,75
M0036,app_session,30
M0036,app_session,73
M0036,app_session,49
M0036,app_session,29
M0036,app_session,52
M0036,app_session,5
M0036,app_session,40
M0036,app_session,60
M0036,benefit_view,49
M0036,benefit_view,84
M0036,benefit_view,83
M0036,benefit_view,19
M0036,benefit_view,63
M0036,support_ticket,42
M0037,app_session,88
M0037,app_session,50
M0037,app_session,83
M0037,app_session,10
M0037,app_session,42
M0037,app_session,86
M0037,app_session,68
M0037,app_session,48
M0037,app_session,40
M0037,app_session,80
M0037,app_session,62
M0037,benefit_view,79
M0037,benefit_view,8
M0037,benefit_view,30
M0037,benefit_view,80
M0037,appointment,29
M0037,support_ticket,55
M0038,app_session,31
M0038,app_session,67
M0038,app_session,52
M0038,app_session,72
M0038,app_session,87
M0038,app_session,23
M0038,app_session,21
M0038,app_session,22
M0038,app_session,10
M0038,benefit_view,79
M0038,benefit_view,87
M0038,benefit_view,30
M0038,benefit_view,63
M0039,app_session,81
M0039,app_session,54
M0039,app_session,88
M0039,app_session,32
M0039,app_session,58
M0039,app_session,38
M0039,app_session,25
M0039,app_session,49
M0039,app_session,61
M0039,app_session,13
M0039,app_session,30
M0039,app_session,48
M0039,app_session,73
M0039,benefit_view,37
M0039,benefit_view,89
M0039,support_ticket,35
M0040,app_session,81
M0040,app_session,24
M0040,app_session,79
M0040,app_session,32
M0040,app_session,86
M0040,benefit_view,87
M0040,benefit_view,17
M0040,benefit_view,80
M0040,benefit_view,12
M0040,benefit_view,80
M0040,support_ticket,4
M0040,support_ticket,74
M0041,app_session,32
M0041,app_session,61
M0041,app_session,37
M0041,app_session,43
M0041,app_session,14
M0041,app_session,59
M0041,app_session,9
M0041,app_session,18
M0041,benefit_view,86
M0041,appointment,46
M0041,appointment,11
M0041,support_ticket,33
M0042,app_session,60
M0042,app_session,3
M0042,app_session,79
M0042,app_session,71
M0042,app_session,41
M0042,benefit_view,82
M0042,benefit_view,8
M0042,benefit_view,81
M0042,benefit_view,59
M0042,appointment,83
M0043,app_session,53
M0043,app_session,75
M0043,app_session,19
M0043,app_session,53
M0043,app_session,83
M0043,app_session,12
M0043,benefit_view,52
M0043,benefit_view,35
M0043,benefit_view,4
M0043,appointment,27
M0044,app_session,11
M0044,app_session,84
M0044,app_session,27
M0044,app_session,82
M0044,app_session,81
M0044,app_session,76
M0044,app_session,2
M0044,app_session,6
M0044,app_session,42
M0044,benefit_view,72
M0044,support_ticket,75
M0044,support_ticket,27
M0045,app_session,1
M0045,app_session,45
M0045,app_session,30
M0045,app_session,75
M0045,app_session,41
M0045,support_ticket,53
M0045,support_ticket,67
M0045,support_ticket,14
M0045,support_ticket,8
M0046,app_session,38
M0046,app_session,58
M0046,app_session,82
M0046,app_session,3
M0046,app_session,7
M0046,app_session,61
M0046,benefit_view,87
M0046,benefit_view,13
M0046,benefit_view,62
M0046,appointment,9
M0047,app_session,89
M0047,app_session,14
M0047,app_session,83
M0047,app_session,83
M0047,benefit_view,27
M0047,benefit_view,55
M0047,benefit_view,57
M0047,benefit_view,29
M0047,appointment,58
M0048,app_session,55
M0048,app_session,12
M0048,app_session,47
M0048,app_session,16
M0048,benefit_view,75
M0048,benefit_view,71
M0048,benefit_view,71
M0048,benefit_view,42
M0049,app_session,71
M0049,app_session,47
M0049,app_session,14
M0049,app_session,35
M0049,app_session,73
M0049,app_session,28
M0049,app_session,54
M0049,app_session,71
M0049,app_session,79
M0049,app_session,78
M0049,app_session,86
M0049,app_session,82
M0049,app_session,71
M0049,app_session,3
M0049,app_session,77
M0049,benefit_view,34
M0049,benefit_view,3
M0049,benefit_view,23
M0049,benefit_view,34
M0049,benefit_view,89
M0049,appointment,44
M0050,app_session,39
M0050,app_session,41
M0050,app_session,72
M0050,app_session,76
M0050,app_session,10
M0050,app_session,6
M0050,app_session,19
M0050,benefit_view,6
M0051,app_session,39
M0051,app_session,5
M0051,app_session,28
M0051,app_session,50
M0051,app_session,76
M0051,app_session,7
M0051,app_session,0
M0051,benefit_view,27
M0051,appointment,37
M0052,app_session,50
M0052,app_session,5
M0052,app_session,55
M0052,app_session,2
M0052,app_session,58
M0052,app_session,9
M0052,app_session,40
M0052,app_session,73
M0052,app_session,54
M0052,app_session,73
M0052,app_session,51
M0052,app_session,90
M0052,app_session,81
M0052,app_session,53
M0052,app_session,37
M0052,app_session,14
M0052,app_session,51
M0052,appointment,58
M0052,appointment,88
M0053,app_session,67
M0053,app_session,65
M0053,app_session,24
M0053,app_session,44
M0053,benefit_view,82
M0053,benefit_view,18
M0053,support_ticket,25
M0054,app_session,87
M0054,app_session,72
M0054,app_session,82
M0054,app_session,81
M0054,app_session,79
M0054,app_session,41
M0054,app_session,80
M0054,app_session,40
M0054,benefit_view,8
M0054,appointment,80
M0054,support_ticket,75
M0054,support_ticket,7
M0054,support_ticket,45
M0055,app_session,74
M0055,app_session,70
M0055,app_session,5
M0055,app_session,57
M0055,app_session,73
M0055,app_session,83
M0055,app_session,24
M0055,app_session,41
M0055,app_session,77
M0055,app_session,60
M0055,app_session,64
M0055,app_session,19
M0055,app_session,7
M0055,app_session,57
M0055,app_session,13
M0055,app_session,43
M0055,app_session,10
M0055,benefit_view,22
M0055,benefit_view,5
M0055,benefit_view,31
M0055,benefit_view,90
M0055,appointment,67
M0055,support_ticket,20
M0056,app_session,12
M0056,app_session,71
M0056,app_session,86
M0056,app_session,49
M0056,app_session,36
M0056,app_session,32
M0056,app_session,84
M0056,app_session,77
M0056,app_session,19
M0056,app_session,42
M0056,app_session,10
M0056,app_session,74
M0056,benefit_view,44
M0056,benefit_view,39
M0056,benefit_view,83
M0056,benefit_view,89
M0056,benefit_view,84
M0057,app_session,54
M0057,app_session,65
M0057,app_session,46
M0057,app_session,2
M0057,app_session,46
M0057,app_session,39
M0057,app_session,23
M0057,benefit_view,62
M0057,support_ticket,9
M0057,support_ticket,37
M0058,app_session,56
M0058,app_session,5
M0058,app_session,52
M0058,app_session,46
M0058,app_session,86
M0058,app_session,30
M0058,app_session,56
M0058,app_session,78
M0058,app_session,36
M0058,app_session,57
M0058,app_session,29
M0058,benefit_view,39
M0058,benefit_view,60
M0058,benefit_view,24
M0058,benefit_view,47
M0058,appointment,56
M0058,appointment,59
M0059,app_session,15
M0059,app_session,36
M0059,app_session,10
M0059,app_session,20
M0059,app_session,34
M0059,app_session,57
M0059,app_session,65
M0059,app_session,18
M0059,app_session,55
M0059,appointment,3
M0060,app_session,17
M0060,app_session,4
M0060,app_session,36
M0060,app_session,60
M0060,app_session,89
M0060,app_session,17
M0060,benefit_view,57
M0060,benefit_view,78
M0060,benefit_view,0
M0060,benefit_view,10
M0060,benefit_view,2
M0061,app_session,68
M0061,app_session,2
M0061,app_session,80
M0061,app_session,65
M0061,app_session,73
M0061,app_session,30
M0061,app_session,18
M0061,app_session,37
M0061,benefit_view,78
M0061,benefit_view,45
M0061,benefit_view,30
M0061,appointment,23
M0061,support_ticket,10
M0062,app_session,49
M0062,app_session,47
M0062,app_session,32
M0062,app_session,2
M0062,app_session,45
M0062,app_session,8
M0062,app_session,44
M0062,app_session,30
M0062,app_session,84
M0062,app_session,80
M0062,appointment,17
M0062,support_ticket,69
M0063,app_session,5
M0063,app_session,25
M0063,app_session,5
M0063,app_session,40
M0063,app_session,39
M0063,app_session,65
M0063,app_session,50
M0063,app_session,69
M0063,app_session,60
M0063,app_session,32
M0063,app_session,4
M0063,app_session,82
M0063,app_session,24
M0063,app_session,36
M0063,benefit_view,83
M0063,benefit_view,42
M0063,support_ticket,51
M0063,support_ticket,56
M0064,app_session,55
M0064,app_session,77
M0064,app_session,23
M0064,app_session,69
M0064,app_session,37
M0064,app_session,41
M0064,app_session,13
M0064,app_session,10
M0064,benefit_view,37
M0064,benefit_view,39
M0064,appointment,54
M0064,appointment,21
M0065,benefit_view,86
M0065,benefit_view,20
M0065,benefit_view,3
M0065,benefit_view,18
M0065,appointment,56
M0065,appointment,4
M0065,support_ticket,30
M0066,app_session,17
M0066,app_session,67
M0066,app_session,46
M0066,app_session,50
M0066,app_session,40
M0066,app_session,83
M0066,app_session,35
M0066,app_session,31
M0066,app_session,14
M0066,app_session,3
M0066,app_session,23
M0066,app_session,63
M0066,app_session,66
M0066,app_session,49
M0066,app_session,71
M0066,app_session,15
M0066,app_session,33
M0066,app_session,33
M0066,app_session,90
M0066,app_session,57
M0066,app_session,27
M0066,app_session,78
M0066,app_session,36
M0066,benefit_view,25
M0066,benefit_view,15
M0066,benefit_view,17
M0066,benefit_view,9
M0066,benefit_view,57
M0066,appointment,56
M0066,appointment,11
M0066,support_ticket,85
M0067,app_session,17
M0067,app_session,30
M0067,app_session,63
M0067,app_session,3
M0067,app_session,46
M0067,app_session,70
M0067,app_session,73
M0067,app_session,47
M0067,benefit_view,16
M0067,benefit_view,78
M0067,benefit_view,11
M0067,appointment,50
M0067,support_ticket,61
M0067,support_ticket,67
M0067,support_ticket,52
M0068,app_session,75
M0068,app_session,23
M0068,app_session,16
M0068,app_session,55
M0068,app_session,64
M0068,app_session,7
M0068,app_session,15
M0068,app_session,66
M0068,app_session,19
M0068,app_session,38
M0068,app_session,21
M0068,benefit_view,90
M0068,appointment,66
M0069,app_session,79
M0069,app_session,77
M0069,app_session,43
M0069,app_session,72
M0069,app_session,5
M0069,app_session,3
M0069,app_session,10
M0069,app_session,5
M0069,app_session,82
M0069,app_session,73
M0069,app_session,33
M0069,benefit_view,73
M0069,benefit_view,53
M0069,benefit_view,79
M0069,benefit_view,81
M0069,benefit_view,3
M0069,appointment,69
M0069,appointment,37
M0070,app_session,43
M0070,app_session,77
M0070,app_session,18
M0070,app_session,40
M0070,app_session,40
M0070,app_session,44
M0070,app_session,51
M0070,app_session,16
M0070,app_session,47
M0070,app_session,65
M0070,app_session,71
M0070,app_session,13
M0070,benefit_view,59
M0070,benefit_view,15
M0070,appointment,31
M0071,benefit_view,63
M0071,benefit_view,39
M0071,benefit_view,63
M0071,benefit_view,2
M0071,appointment,64
M0072,app_session,17
M0072,app_session,33
M0072,app_session,46
M0072,app_session,51
M0072,app_session,46
M0072,app_session,5
M0072,app_session,51
M0072,app_session,6
M0072,app_session,72
M0072,app_session,71
M0072,app_session,24
M0072,app_session,46
M0072,app_session,70
M0072,app_session,36
M0072,app_session,9
M0072,benefit_view,57
M0072,benefit_view,70
M0072,benefit_view,35
M0072,appointment,78
M0072,appointment,15
M0072,support_ticket,50
M0072,support_ticket,47
M0073,app_session,65
M0073,app_session,17
M0073,app_session,41
M0073,benefit_view,20
M0073,benefit_view,50
M0073,benefit_view,78
M0073,benefit_view,38
M0073,appointment,64
M0074,app_session,80
M0074,app_session,3
M0074,app_session,76
M0074,app_session,60
M0074,app_session,33
M0074,app_session,83
M0074,app_session,74
M0074,app_session,73
M0074,benefit_view,6
M0074,appointment,21
M0074,support_ticket,79
M0075,app_session,78
M0075,app_session,60
M0075,benefit_view,7
M0075,benefit_view,90
M0075,benefit_view,17
M0075,benefit_view,66
M0075,benefit_view,26
M0075,appointment,84
M0076,app_session,33
M0076,app_session,78
M0076,app_session,61
M0076,app_session,24
M0076,app_session,31
M0076,benefit_view,38
M0076,benefit_view,28
M0076,appointment,90
M0077,app_session,18
M0077,app_session,37
M0077,app_session,5
M0077,app_session,36
M0077,app_session,10
M0077,app_session,44
M0077,app_session,56
M0077,app_session,83
M0077,app_session,32
M0077,app_session,61
M0077,app_session,27
M0077,app_session,25
M0077,app_session,68
M0077,app_session,34
M0077,app_session,71
M0077,app_session,89
M0077,app_session,34
M0077,benefit_view,78
M0077,appointment,30
M0077,appointment,31
M0078,app_session,52
M0078,app_session,83
M0078,app_session,60
M0078,app_session,61
M0078,app_session,83
M0078,benefit_view,41
M0078,appointment,7
M0078,appointment,11
M0079,app_session,4
M0079,app_session,1
M0079,app_session,38
M0079,app_session,72
M0079,app_session,77
M0079,app_session,13
M0079,app_session,42
M0079,app_session,36
M0079,app_session,58
M0079,app_session,82
M0079,app_session,69
M0079,benefit_view,17
M0079,benefit_view,64
M0079,benefit_view,59
M0079,benefit_view,34
M0080,app_session,81
M0080,app_session,51
M0080,app_session,54
M0080,app_session,65
M0080,app_session,41
M0080,app_session,11
M0080,benefit_view,12
M0080,benefit_view,23
M0080,benefit_view,17
M0080,appointment,31
M0080,support_ticket,49
M0081,app_session,20
M0081,app_session,51
M0081,app_session,87
M0081,app_session,64
M0081,app_session,90
M0081,app_session,39
M0081,benefit_view,81
M0081,benefit_view,37
M0081,benefit_view,47
M0081,benefit_view,78
M0081,benefit_view,28
M0082,app_session,10
M0082,app_session,67
M0082,app_session,57
M0082,app_session,67
M0082,app_session,90
M0082,app_session,46
M0082,app_session,9
M0082,app_session,72
M0082,app_session,14
M0082,app_session,7
M0082,app_session,70
M0082,app_session,64
M0082,app_session,25
M0082,app_session,73
M0082,app_session,68
M0082,app_session,19
M0082,benefit_view,66
M0082,support_ticket,74
M0083,app_session,50
M0083,app_session,32
M0083,app_session,0
M0083,app_session,27
M0083,app_session,74
M0083,app_session,9
M0083,app_session,5
M0083,app_session,54
M0083,app_session,44
M0083,app_session,89
M0083,app_session,8
M0083,benefit_view,8
M0083,benefit_view,60
M0083,benefit_view,4
M0083,benefit_view,36
M0084,app_session,17
M0084,app_session,83
M0084,app_session,44
M0084,app_session,15
M0084,app_session,22
M0084,app_session,68
M0084,app_session,50
M0084,app_session,67
M0084,app_session,16
M0084,benefit_view,0
M0084,benefit_view,2
M0084,benefit_view,38
M0084,benefit_view,59
M0084,benefit_view,86
M0084,appointment,54
M0084,appointment,68
M0084,support_ticket,31
M0084,support_ticket,58
M0085,app_session,8
M0085,app_session,12
M0085,app_session,76
M0085,app_session,4
M0085,app_session,57
M0085,app_session,76
M0085,app_session,86
M0085,app_session,90
M0085,support_ticket,29
M0086,app_session,76
M0086,app_session,86
M0086,app_session,41
M0086,app_session,30
M0086,app_session,38
M0086,app_session,18
M0086,benefit_view,28
M0086,benefit_view,52
M0086,benefit_view,38
M0086,benefit_view,35
M0086,benefit_view,7
M0086,appointment,22
M0086,appointment,80
M0087,app_session,30
M0087,app_session,28
M0087,app_session,38
M0087,app_session,90
M0087,app_session,18
M0087,benefit_view,71
M0087,benefit_view,52
M0087,benefit_view,53
M0087,appointment,17
M0087,appointment,49
M0088,app_session,77
M0088,app_session,77
M0088,app_session,5
M0088,app_session,9
M0088,app_session,24
M0088,benefit_view,85
M0088,benefit_view,71
M0088,benefit_view,27
M0088,benefit_view,61
M0088,appointment,38
M0089,app_session,68
M0089,app_session,83
M0089,app_session,45
M0089,app_session,39
M0089,app_session,33
M0089,app_session,46
M0089,app_session,65
M0089,app_session,63
M0089,app_session,59
M0089,app_session,12
M0089,app_session,60
M0089,app_session,40
M0089,app_session,26
M0089,app_session,47
M0089,app_session,40
M0089,benefit_view,72
M0089,benefit_view,28
M0089,benefit_view,18
M0089,appointment,70
M0090,app_session,32
M0090,app_session,62
M0090,app_session,82
M0090,app_session,62
M0090,app_session,58
M0090,benefit_view,45
M0091,app_session,17
M0091,app_session,80
M0091,app_session,29
M0091,app_session,8
M0091,app_session,90
M0091,app_session,19
M0091,app_session,1
M0091,benefit_view,58
M0091,support_ticket,85
M0091,support_ticket,78
M0092,app_session,89
M0092,app_session,86
M0092,app_session,55
M0092,app_session,22
M0092,app_session,13
M0092,app_session,12
M0092,app_session,67
M0092,benefit_view,24
M0092,appointment,32
M0092,appointment,45
M0093,app_session,51
M0093,app_session,48
M0093,app_session,48
M0093,app_session,70
M0093,app_session,60
M0093,app_session,7
M0093,app_session,81
M0093,app_session,1
M0093,app_session,89
M0093,benefit_view,63
M0093,appointment,42
M0093,appointment,72
M0093,support_ticket,5
M0094,app_session,84
M0094,app_session,4
M0094,app_session,22
M0094,app_session,40
M0094,app_session,2
M0094,app_session,26
M0094,app_session,75
M0094,app_session,18
M0094,app_session,50
M0094,app_session,9
M0094,app_session,38
M0094,app_session,20
M0094,app_session,72
M0094,app_session,30
M0094,app_session,72
M0094,app_session,49
M0094,benefit_view,42
M0094,benefit_view,49
M0094,benefit_view,17
M0094,benefit_view,88
M0094,benefit_view,10
M0094,appointment,44
M0094,appointment,6
M0095,app_session,70
M0095,app_session,48
M0095,app_session,55
M0095,app_session,23
M0095,app_session,87
M0095,app_session,74
M0095,app_session,84
M0095,app_session,48
M0095,app_session,10
M0095,app_session,79
M0095,app_session,37
M0095,app_session,31
M0095,app_session,9
M0095,appointment,81
M0096,app_session,71
M0096,app_session,71
M0096,app_session,65
M0096,app_session,52
M0096,app_session,13
M0096,app_session,3
M0096,app_session,11
M0096,benefit_view,11
M0096,benefit_view,76
M0096,appointment,49
M0097,benefit_view,8
M0097,benefit_view,21
M0097,benefit_view,55
M0097,appointment,38
M0097,support_ticket,46
M0098,app_session,48
M0098,app_session,42
M0098,app_session,56
M0098,benefit_view,83
M0098,benefit_view,76
M0098,appointment,41
M0099,app_session,46
M0099,app_session,14
M0099,app_session,72
M0099,app_session,25
M0099,app_session,75
M0099,app_session,69
M0099,app_session,23
M0099,app_session,87
M0099,app_session,70
M0099,app_session,3
M0099,app_session,59
M0099,app_session,90
M0099,app_session,26
M0099,benefit_view,88
M0099,benefit_view,8
M0099,benefit_view,52
M0099,appointment,17
M0099,support_ticket,30
M0100,app_session,69
M0100,app_session,4
M0100,app_session,46
M0100,app_session,89
M0100,app_session,68
M0100,app_session,76
M0100,app_session,81
M0100,app_session,10
M0100,appointment,45
M0100,appointment,21
M0101,app_session,57
M0101,app_session,47
M0101,app_session,50
M0101,app_session,59
M0101,app_session,86
M0101,app_session,75
M0101,app_session,88
M0101,app_session,64
M0101,app_session,19
M0101,benefit_view,61
M0101,benefit_view,13
M0101,appointment,10
M0102,app_session,8
M0102,app_session,38
M0102,app_session,5
M0102,app_session,90
M0102,app_session,14
M0102,app_session,2
M0102,benefit_view,13
M0102,benefit_view,86
M0102,appointment,31
M0102,appointment,66
M0103,app_session,75
M0103,app_session,54
M0103,app_session,49
M0103,app_session,0
M0103,app_session,90
M0103,app_session,27
M0103,app_session,26
M0103,app_session,35
M0103,app_session,90
M0103,appointment,23
M0103,appointment,46
M0104,app_session,45
M0104,app_session,58
M0104,app_session,79
M0104,app_session,22
M0104,app_session,86
M0104,app_session,90
M0104,app_session,38
M0104,app_session,78
M0104,app_session,75
M0104,app_session,10
M0104,app_session,86
M0104,app_session,17
M0104,app_session,40
M0104,app_session,15
M0104,benefit_view,14
M0104,appointment,88
M0104,support_ticket,49
M0104,support_ticket,53
M0104,support_ticket,76
M0105,benefit_view,45
M0105,benefit_view,1
M0105,benefit_view,62
M0105,benefit_view,17
M0105,appointment,71
M0105,support_ticket,63
M0105,support_ticket,52
M0105,support_ticket,87
M0105,support_ticket,62
M0106,app_session,58
M0106,app_session,72
M0106,app_session,63
M0106,app_session,70
M0106,app_session,65
M0106,app_session,14
M0106,benefit_view,34
M0106,benefit_view,69
M0106,benefit_view,46
M0106,benefit_view,69
M0106,appointment,56
M0106,appointment,69
M0106,support_ticket,13
M0107,app_session,75
M0107,app_session,88
M0107,app_session,44
M0107,app_session,90
M0107,benefit_view,54
M0107,benefit_view,21
M0107,benefit_view,78
M0107,benefit_view,17
M0108,app_session,17
M0108,app_session,52
M0108,app_session,7
M0108,app_session,35
M0108,app_session,83
M0108,app_session,16
M0108,app_session,89
M0108,app_session,16
M0108,app_session,31
M0108,app_session,18
M0108,benefit_view,31
M0108,benefit_view,86
M0108,benefit_view,50
M0108,benefit_view,62
M0108,benefit_view,18
M0108,appointment,34
M0108,appointment,80
M0109,app_session,11
M0109,app_session,58
M0109,app_session,81
M0109,app_session,85
M0109,app_session,89
M0109,app_session,45
M0109,app_session,8
M0109,app_session,68
M0109,app_session,50
M0109,app_session,27
M0109,app_session,54
M0109,app_session,27
M0109,app_session,63
M0109,app_session,34
M0109,benefit_view,43
M0109,benefit_view,70
M0109,support_ticket,43
M0110,app_session,25
M0110,app_session,88
M0110,app_session,16
M0110,app_session,83
M0110,app_session,38
M0110,app_session,20
M0110,app_session,35
M0110,app_session,11
M0110,app_session,83
M0110,app_session,46
M0110,app_session,32
M0110,app_session,10
M0110,benefit_view,83
M0110,benefit_view,21
M0110,appointment,80
M0111,app_session,15
M0111,app_session,54
M0111,app_session,88
M0111,app_session,16
M0111,app_session,61
M0111,app_session,9
M0111,app_session,29
M0111,app_session,49
M0111,app_session,11
M0111,app_session,13
M0111,app_session,13
M0111,benefit_view,38
M0111,benefit_view,17
M0112,app_session,87
M0112,app_session,56
M0112,app_session,27
M0112,app_session,11
M0112,app_session,12
M0112,app_session,17
M0112,app_session,15
M0112,app_session,75
M0112,app_session,49
M0112,app_session,44
M0112,benefit_view,17
M0112,benefit_view,31
M0112,benefit_view,35
M0113,app_session,30
M0113,app_session,63
M0113,app_session,49
M0113,app_session,14
M0113,app_session,30
M0113,app_session,63
M0113,app_session,81
M0113,app_session,76
M0113,app_session,9
M0113,app_session,67
M0113,app_session,1
M0113,app_session,46
M0113,app_session,40
M0113,benefit_view,72
M0113,appointment,69
M0114,app_session,64
M0114,app_session,53
M0114,app_session,54
M0114,benefit_view,10
M0114,benefit_view,81
M0114,benefit_view,68
M0114,benefit_view,68
M0114,benefit_view,78
M0114,appointment,10
M0115,app_session,7
M0115,app_session,31
M0115,app_session,11
M0115,app_session,55
M0115,app_session,14
M0115,benefit_view,77
M0115,benefit_view,7
M0115,benefit_view,39
M0115,appointment,84
M0115,appointment,22
M0115,support_ticket,90
M0115,support_ticket,17
M0116,app_session,15
M0116,app_session,3
M0116,app_session,42
M0116,app_session,54
M0116,app_session,34
M0116,app_session,67
M0116,app_session,8
M0116,app_session,33
M0116,app_session,73
M0116,app_session,80
M0116,app_session,9
M0116,app_session,63
M0116,app_session,58
M0116,app_session,65
M0116,benefit_view,63
M0116,benefit_view,72
M0116,appointment,20
M0117,app_session,83
M0117,app_session,53
M0117,app_session,28
M0117,app_session,41
M0117,app_session,31
M0117,app_session,53
M0117,app_session,40
M0117,app_session,34
M0117,app_session,9
M0117,app_session,73
M0117,app_session,47
M0117,app_session,15
M0117,app_session,64
M0117,app_session,86
M0117,app_session,6
M0117,app_session,22
M0117,app_session,28
M0117,app_session,66
M0117,appointment,36
M0118,app_session,69
M0118,app_session,31
M0118,app_session,19
M0118,app_session,0
M0118,app_session,52
M0118,app_session,3
M0118,app_session,29
M0118,app_session,69
M0118,app_session,44
M0118,app_session,81
M0118,app_session,88
M0118,appointment,48
M0118,appointment,39
M0118,support_ticket,67
M0119,app_session,10
M0119,app_session,74
M0119,app_session,12
M0119,app_session,64
M0119,app_session,17
M0119,app_session,81
M0119,app_session,50
M0119,app_session,9
M0119,app_session,75
M0119,app_session,72
M0119,app_session,7
M0119,app_session,55
M0119,app_session,84
M0119,app_session,16
M0119,app_session,30
M0119,app_session,37
M0119,benefit_view,50
M0119,benefit_view,89
M0119,appointment,40
M0120,app_session,68
M0120,app_session,45
M0120,app_session,26
M0120,app_session,57
M0120,app_session,39
M0120,app_session,59
M0120,app_session,33
M0120,app_session,15
M0120,appointment,90
M0120,support_ticket,5
M0121,app_session,71
M0121,app_session,70
M0121,app_session,31
M0121,app_session,12
M0121,app_session,59
M0121,app_session,13
M0121,app_session,17
M0121,app_session,15
M0121,app_session,1
M0121,app_session,7
M0121,app_session,28
M0121,app_session,16
M0121,app_session,25
M0121,benefit_view,87
M0121,benefit_view,80
M0121,benefit_view,82
M0121,appointment,75
M0121,appointment,33
M0121,support_ticket,8
M0122,app_session,55
M0122,app_session,50
M0122,app_session,63
M0122,app_session,3
M0122,app_session,48
M0122,app_session,87
M0122,app_session,54
M0122,app_session,22
M0122,benefit_view,23
M0122,benefit_view,35
M0122,appointment,19
M0122,support_ticket,79
M0122,support_ticket,78
M0123,app_session,2
M0123,app_session,48
M0123,app_session,45
M0123,app_session,61
M0123,app_session,69
M0123,app_session,62
M0123,benefit_view,64
M0123,benefit_view,41
M0123,appointment,23
M0124,app_session,12
M0124,app_session,31
M0124,app_session,84
M0124,app_session,30
M0124,app_session,34
M0124,app_session,68
M0124,app_session,7
M0124,app_session,28
M0124,app_session,73
M0124,benefit_view,22
M0124,benefit_view,22
M0124,benefit_view,30
M0124,appointment,89
M0125,app_session,29
M0125,app_session,77
M0125,app_session,28
M0125,app_session,2
M0125,app_session,67
M0125,app_session,61
M0125,support_ticket,22
M0125,support_ticket,41
M0126,app_session,84
M0126,app_session,50
M0126,app_session,75
M0126,app_session,12
M0126,app_session,43
M0126,app_session,38
M0126,app_session,41
M0126,benefit_view,55
M0126,appointment,83
M0126,support_ticket,90
M0127,app_session,72
M0127,app_session,4
M0127,app_session,23
M0127,app_session,77
M0127,app_session,40
M0127,app_session,78
M0127,app_session,28
M0127,app_session,81
M0127,app_session,72
M0127,app_session,13
M0127,benefit_view,42
M0127,benefit_view,9
M0127,benefit_view,30
M0127,appointment,21
M0128,app_session,56
M0128,app_session,53
M0128,app_session,21
M0128,app_session,52
M0128,app_session,63
M0128,app_session,48
M0128,app_session,44
M0128,app_session,69
M0128,app_session,48
M0128,app_session,12
M0128,app_session,61
M0128,app_session,73
M0128,benefit_view,28
M0128,benefit_view,20
M0128,benefit_view,57
M0128,benefit_view,9
M0128,benefit_view,4
M0128,support_ticket,13
M0129,app_session,55
M0129,app_session,83
M0129,app_session,21
M0129,app_session,77
M0129,app_session,55
M0129,app_session,20
M0129,app_session,6
M0129,app_session,12
M0129,benefit_view,24
M0129,benefit_view,52
M0129,appointment,69
M0129,appointment,33
M0129,support_ticket,38
M0129,support_ticket,30
M0129,support_ticket,12
M0130,app_session,61
M0130,app_session,25
M0131,app_session,23
M0131,app_session,57
M0131,app_session,5
M0131,app_session,33
M0131,benefit_view,33
M0131,benefit_view,28
M0131,benefit_view,34
M0132,app_session,53
M0132,app_session,68
M0132,app_session,87
M0132,app_session,60
M0132,app_session,73
M0132,app_session,30
M0132,app_session,60
M0132,app_session,38
M0132,app_session,10
M0132,app_session,50
M0132,app_session,4
M0132,app_session,64
M0132,benefit_view,73
M0132,benefit_view,86
M0132,benefit_view,79
M0132,benefit_view,18
M0132,appointment,22
M0133,app_session,49
M0133,app_session,71
M0133,app_session,50
M0133,app_session,70
M0133,app_session,41
M0133,app_session,35
M0133,app_session,66
M0133,benefit_view,89
M0133,benefit_view,79
M0133,benefit_view,75
M0133,appointment,14
M0133,support_ticket,18
M0134,app_session,83
M0134,app_session,62
M0134,app_session,73
M0134,app_session,77
M0134,app_session,60
M0134,appointment,18
M0134,support_ticket,87
M0135,app_session,35
M0135,app_session,62
M0135,app_session,89
M0135,app_session,87
M0135,app_session,12
M0135,app_session,29
M0135,app_session,17
M0135,benefit_view,56
M0135,benefit_view,41
M0135,appointment,53
M0135,appointment,77
M0136,app_session,39
M0136,app_session,90
M0136,app_session,64
M0136,app_session,51
M0136,app_session,17
M0136,app_session,67
M0136,app_session,72
M0136,app_session,3
M0136,app_session,22
M0136,app_session,24
M0136,app_session,25
M0136,app_session,7
M0136,benefit_view,58
M0136,appointment,90
M0137,app_session,44
M0137,app_session,20
M0137,app_session,33
M0137,app_session,88
M0137,app_session,11
M0137,app_session,36
M0137,app_session,3
M0137,app_session,49
M0137,app_session,6
M0137,benefit_view,27
M0137,appointment,28
M0137,appointment,86
M0138,app_session,32
M0138,app_session,77
M0138,app_session,39
M0138,app_session,90
M0138,app_session,82
M0138,app_session,35
M0138,app_session,54
M0138,app_session,48
M0138,app_session,44
M0138,benefit_view,27
M0138,benefit_view,59
M0138,benefit_view,38
M0138,appointment,79
M0138,appointment,50
M0138,support_ticket,0
M0139,app_session,83
M0139,app_session,38
M0139,app_session,24
M0139,app_session,19
M0139,app_session,66
M0139,app_session,30
M0139,app_session,7
M0139,benefit_view,84
M0139,benefit_view,40
M0139,benefit_view,87
M0139,benefit_view,17
M0140,app_session,28
M0140,app_session,87
M0140,app_session,68
M0140,app_session,81
M0140,app_session,60
M0140,app_session,85
M0140,app_session,45
M0140,app_session,64
M0140,app_session,38
M0140,app_session,21
M0140,app_session,84
M0140,app_session,71
M0140,app_session,23
M0140,app_session,37
M0140,app_session,12
M0140,app_session,60
M0140,benefit_view,33
M0140,appointment,23
M0140,appointment,87
M0141,app_session,74
M0141,app_session,74
M0141,app_session,79
M0141,app_session,9
M0141,app_session,60
M0141,benefit_view,15
M0141,appointment,67
M0142,app_session,10
M0142,app_session,62
M0142,app_session,42
M0142,app_session,80
M0142,app_session,22
M0142,app_session,40
M0142,app_session,81
M0142,app_session,7
M0142,app_session,0
M0142,app_session,57
M0142,app_session,35
M0142,app_session,26
M0142,app_session,21
M0142,app_session,73
M0142,app_session,20
M0142,app_session,62
M0142,app_session,11
M0142,benefit_view,55
M0142,appointment,51
M0142,support_ticket,49
M0142,support_ticket,0
M0142,support_ticket,4
M0142,support_ticket,68
M0143,app_session,16
M0143,app_session,13
M0143,app_session,49
M0143,app_session,64
M0143,app_session,75
M0143,app_session,39
M0143,app_session,21
M0143,app_session,8
M0143,app_session,5
M0143,benefit_view,58
M0143,benefit_view,66
M0143,appointment,43
M0143,appointment,55
M0143,support_ticket,43
M0144,app_session,2
M0144,app_session,75
M0144,benefit_view,15
M0144,benefit_view,46
M0144,benefit_view,83
M0144,benefit_view,4
M0144,appointment,32
M0144,appointment,68
M0144,support_ticket,76
M0144,support_ticket,6
M0145,app_session,1
M0145,app_session,38
M0145,app_session,53
M0145,app_session,84
M0145,app_session,12
M0145,app_session,84
M0145,app_session,66
M0145,benefit_view,77
M0145,benefit_view,89
M0145,appointment,13
M0146,app_session,90
M0146,app_session,52
M0146,app_session,37
M0146,app_session,20
M0147,app_session,32
M0147,app_session,82
M0147,app_session,29
M0147,app_session,58
M0147,app_session,37
M0147,app_session,33
M0147,app_session,59
M0147,app_session,6
M0147,app_session,12
M0147,app_session,22
M0147,app_session,5
M0147,app_session,37
M0147,app_session,46
M0147,app_session,86
M0147,app_session,40
M0147,app_session,54
M0147,benefit_view,12
M0147,benefit_view,5
M0147,benefit_view,1
M0147,benefit_view,17
M0147,benefit_view,84
M0148,app_session,61
M0148,app_session,53
M0148,app_session,83
M0148,benefit_view,16
M0148,appointment,7
M0148,appointment,20
M0149,app_session,62
M0149,app_session,14
M0149,app_session,52
M0149,app_session,56
M0149,app_session,5
M0149,app_session,8
M0149,app_session,33
M0149,app_session,83
M0149,app_session,40
M0149,app_session,1
M0149,app_session,90
M0149,benefit_view,73
M0149,benefit_view,72
M0149,benefit_view,28
M0149,benefit_view,85
M0149,benefit_view,43
M0149,appointment,88
M0149,appointment,89
M0149,support_ticket,55
M0150,app_session,82
M0150,app_session,20
M0150,app_session,64
M0150,app_session,60
M0150,app_session,63
M0150,app_session,21
M0150,app_session,9
M0150,app_session,62
M0150,app_session,41
M0150,app_session,30
M0150,app_session,42
M0150,app_session,35
M0150,app_session,6
M0150,benefit_view,70
M0150,benefit_view,82
M0150,benefit_view,48
M0150,benefit_view,51
M0151,app_session,77
M0151,app_session,79
M0151,app_session,81
M0151,benefit_view,71
M0151,benefit_view,26
M0151,appointment,58
M0151,appointment,43
M0151,support_ticket,28
M0152,app_session,0
M0152,app_session,43
M0152,app_session,45
M0152,app_session,81
M0152,app_session,37
M0152,app_session,70
M0152,app_session,66
M0152,app_session,47
M0152,app_session,89
M0152,app_session,13
M0152,app_session,5
M0152,app_session,21
M0152,app_session,63
M0152,app_session,17
M0152,app_session,52
M0152,app_session,13
M0152,app_session,32
M0152,app_session,78
M0152,app_session,25
M0152,app_session,24
M0152,app_session,15
M0152,benefit_view,58
M0152,benefit_view,24
M0152,benefit_view,43
M0152,appointment,5
M0152,support_ticket,75
M0153,benefit_view,74
M0153,appointment,16
M0153,appointment,13
M0154,app_session,17
M0154,app_session,17
M0154,app_session,52
M0154,app_session,77
M0154,app_session,89
M0154,app_session,65
M0154,app_session,38
M0154,app_session,89
M0154,benefit_view,70
M0154,benefit_view,80
M0154,benefit_view,27
M0154,benefit_view,25
M0154,appointment,37
M0154,appointment,87
M0154,support_ticket,16
M0154,support_ticket,90
M0155,app_session,68
M0155,app_session,36
M0155,app_session,54
M0155,app_session,1
M0155,app_session,66
M0155,app_session,13
M0155,app_session,3
M0155,benefit_view,6
M0155,benefit_view,85
M0155,benefit_view,7
M0155,appointment,20
M0155,support_ticket,32
M0156,app_session,71
M0156,app_session,28
M0156,app_session,82
M0156,app_session,71
M0156,app_session,49
M0156,app_session,30
M0156,app_session,65
M0156,app_session,89
M0156,app_session,36
M0156,app_session,88
M0156,app_session,85
M0156,appointment,87
M0157,app_session,77
M0157,app_session,25
M0157,app_session,24
M0157,app_session,37
M0157,app_session,57
M0157,app_session,22
M0157,app_session,87
M0157,app_session,9
M0157,app_session,23
M0157,app_session,22
M0157,app_session,65
M0157,app_session,15
M0157,app_session,48
M0157,app_session,5
M0157,app_session,54
M0157,benefit_view,33
M0157,benefit_view,16
M0157,appointment,32
M0157,appointment,0
M0157,support_ticket,90
M0157,support_ticket,19
M0158,app_session,45
M0158,appointment,28
M0158,appointment,23
M0158,support_ticket,64
M0158,support_ticket,20
M0158,support_ticket,53
M0159,app_session,1
M0159,app_session,14
M0159,app_session,85
M0159,app_session,44
M0159,app_session,57
M0159,app_session,30
M0159,app_session,82
M0159,app_session,78
M0159,app_session,79
M0159,app_session,31
M0159,appointment,14
M0160,app_session,41
M0160,app_session,65
M0160,app_session,10
M0160,app_session,12
M0160,app_session,21
M0160,app_session,68
M0160,app_session,68
M0160,app_session,0
M0160,app_session,80
M0160,app_session,8
M0160,app_session,26
M0160,app_session,85
M0160,app_session,80
M0160,benefit_view,54
M0161,app_session,9
M0161,app_session,73
M0161,app_session,29
M0161,app_session,33
M0161,app_session,52
M0161,app_session,49
M0161,app_session,57
M0161,app_session,80
M0161,benefit_view,40
M0161,benefit_view,2
M0161,benefit_view,49
M0161,support_ticket,82
M0162,app_session,77
M0162,app_session,11
M0162,app_session,36
M0162,app_session,56
M0162,app_session,48
M0162,app_session,50
M0162,benefit_view,60
M0162,benefit_view,20
M0162,benefit_view,68
M0162,benefit_view,28
M0162,benefit_view,17
M0162,appointment,69
M0162,support_ticket,18
M0162,support_ticket,38
M0163,app_session,44
M0163,app_session,27
M0163,app_session,52
M0163,app_session,82
M0163,app_session,65
M0163,app_session,18
M0163,app_session,20
M0163,app_session,23
M0163,app_session,28
M0163,app_session,78
M0163,benefit_view,14
M0163,benefit_view,23
M0163,appointment,6
M0163,appointment,70
M0164,app_session,30
M0164,app_session,12
M0164,app_session,36
M0164,app_session,79
M0164,app_session,8
M0164,app_session,24
M0164,app_session,40
M0164,benefit_view,42
M0164,benefit_view,78
M0164,benefit_view,84
M0164,appointment,74
M0164,appointment,19
M0165,app_session,61
M0165,app_session,59
M0165,app_session,57
M0165,app_session,45
M0165,app_session,39
M0165,benefit_view,13
M0165,benefit_view,22
M0165,benefit_view,82
M0165,support_ticket,68
M0166,app_session,51
M0166,app_session,75
M0166,app_session,27
M0166,app_session,4
M0166,app_session,70
M0166,app_session,33
M0166,app_session,69
M0166,app_session,69
M0166,app_session,60
M0166,app_session,83
M0166,app_session,19
M0166,app_session,46
M0166,app_session,50
M0166,app_session,28
M0166,app_session,75
M0166,app_session,37
M0166,app_session,17
M0166,benefit_view,65
M0166,benefit_view,11
M0166,benefit_view,50
M0166,appointment,1
M0166,appointment,84
M0167,app_session,28
M0167,app_session,62
M0167,app_session,29
M0167,app_session,8
M0167,app_session,33
M0167,app_session,47
M0167,app_session,29
M0167,app_session,5
M0167,app_session,85
M0167,app_session,26
M0167,app_session,66
M0167,app_session,46
M0167,benefit_view,58
M0167,benefit_view,5
M0167,benefit_view,5
M0167,appointment,13
M0167,support_ticket,81
M0168,app_session,48
M0168,app_session,28
M0168,app_session,66
M0168,app_session,51
M0168,app_session,45
M0168,app_session,44
M0168,app_session,62
M0168,app_session,61
M0168,app_session,77
M0168,app_session,0
M0168,app_session,64
M0168,app_session,17
M0168,app_session,56
M0168,app_session,21
M0168,benefit_view,65
M0168,appointment,27
M0168,support_ticket,20
M0169,app_session,5
M0169,app_session,16
M0169,app_session,73
M0169,app_session,75
M0169,app_session,20
M0169,app_session,17
M0169,app_session,80
M0169,benefit_view,73
M0169,benefit_view,18
M0169,benefit_view,7
M0169,benefit_view,21
M0170,app_session,28
M0170,app_session,52
M0170,app_session,76
M0170,app_session,18
M0170,app_session,74
M0170,app_session,23
M0170,app_session,79
M0170,app_session,84
M0170,app_session,65
M0170,app_session,33
M0170,app_session,21
M0170,benefit_view,43
M0170,benefit_view,58
M0170,benefit_view,76
M0170,benefit_view,75
M0170,benefit_view,8
M0170,appointment,49
M0171,app_session,15
M0171,app_session,11
M0171,app_session,61
M0171,app_session,84
M0171,app_session,16
M0171,benefit_view,0
M0171,benefit_view,86
M0171,benefit_view,83
M0171,benefit_view,55
M0171,appointment,47
M0172,appointment,61
M0172,support_ticket,36
M0173,app_session,46
M0173,app_session,13
M0173,app_session,19
M0173,app_session,54
M0173,app_session,83
M0173,app_session,74
M0173,app_session,32
M0173,app_session,33
M0173,benefit_view,72
M0173,benefit_view,46
M0173,benefit_view,78
M0173,benefit_view,35
M0173,appointment,26
M0174,app_session,84
M0174,app_session,15
M0174,app_session,29
M0174,app_session,57
M0174,app_session,89
M0174,app_session,20
M0174,app_session,12
M0174,app_session,27
M0174,benefit_view,43
M0174,benefit_view,70
M0174,benefit_view,78
M0174,benefit_view,89
M0174,appointment,6
M0174,appointment,20
M0175,app_session,83
M0175,app_session,66
M0175,app_session,36
M0175,app_session,76
M0175,app_session,7
M0175,app_session,22
M0175,app_session,81
M0175,benefit_view,1
M0175,benefit_view,25
M0175,benefit_view,84
M0175,appointment,24
M0176,app_session,85
M0176,app_session,50
M0176,app_session,51
M0176,app_session,75
M0176,app_session,25
M0176,app_session,66
M0176,app_session,1
M0176,benefit_view,8
M0176,benefit_view,11
M0176,benefit_view,70
M0176,benefit_view,36
M0176,benefit_view,71
M0176,appointment,44
M0177,app_session,68
M0177,app_session,73
M0177,app_session,32
M0177,app_session,88
M0177,app_session,56
M0177,app_session,48
M0177,app_session,72
M0177,app_session,61
M0177,app_session,31
M0177,app_session,43
M0177,app_session,58
M0177,app_session,87
M0177,benefit_view,3
M0177,benefit_view,61
M0177,benefit_view,14
M0178,app_session,86
M0178,app_session,43
M0178,app_session,9
M0178,app_session,70
M0178,app_session,22
M0178,app_session,60
M0178,app_session,40
M0178,app_session,45
M0178,app_session,27
M0178,benefit_view,23
M0178,benefit_view,87
M0178,benefit_view,24
M0178,benefit_view,63
M0179,app_session,0
M0179,app_session,69
M0179,app_session,5
M0179,app_session,61
M0179,app_session,47
M0179,app_session,79
M0179,app_session,40
M0179,app_session,63
M0179,app_session,73
M0179,benefit_view,23
M0179,benefit_view,65
M0179,appointment,28
M0179,support_ticket,6
M0180,app_session,66
M0180,app_session,58
M0180,app_session,40
M0180,app_session,88
M0180,app_session,1
M0180,app_session,1
M0180,app_session,86
M0180,app_session,26
M0180,app_session,48
M0180,app_session,74
M0180,app_session,12
M0180,app_session,41
M0180,app_session,46
M0180,app_session,78
M0180,app_session,33
M0180,benefit_view,33
M0180,appointment,60
M0181,app_session,12
M0181,app_session,34
M0181,app_session,30
M0181,app_session,71
M0181,app_session,55
M0181,app_session,48
M0181,app_session,25
M0181,benefit_view,19
M0182,app_session,50
M0182,app_session,12
M0182,app_session,88
M0182,app_session,20
M0182,appointment,80
M0183,benefit_view,83
M0183,benefit_view,68
M0183,benefit_view,22
M0183,benefit_view,36
M0183,appointment,86
M0184,app_session,80
M0184,app_session,78
M0184,app_session,73
M0184,app_session,51
M0184,app_session,9
M0185,benefit_view,16
M0185,support_ticket,89
M0185,support_ticket,10
M0186,app_session,33
M0186,app_session,79
M0186,app_session,19
M0186,app_session,10
M0186,app_session,83
M0186,app_session,49
M0186,app_session,39
M0186,app_session,29
M0186,app_session,31
M0186,app_session,36
M0186,app_session,56
M0186,app_session,80
M0186,app_session,16
M0186,app_session,16
M0186,app_session,67
M0186,benefit_view,4
M0186,appointment,41
M0186,support_ticket,69
M0186,support_ticket,34
M0187,app_session,39
M0187,app_session,44
M0187,benefit_view,29
M0187,benefit_view,11
M0187,benefit_view,56
M0187,appointment,52
M0187,support_ticket,38
M0188,app_session,1
M0188,app_session,55
M0188,app_session,37
M0188,app_session,76
M0188,app_session,29
M0188,app_session,0
M0188,app_session,70
M0188,benefit_view,52
M0188,benefit_view,71
M0188,appointment,31
M0189,app_session,68
M0189,app_session,34
M0189,app_session,52
M0189,app_session,24
M0189,app_session,8
M0189,app_session,23
M0189,app_session,17
M0189,app_session,37
M0189,app_session,14
M0189,app_session,81
M0189,app_session,58
M0189,app_session,79
M0189,app_session,57
M0189,app_session,34
M0189,app_session,89
M0189,benefit_view,24
M0189,benefit_view,41
M0189,benefit_view,2
M0189,benefit_view,19
M0189,appointment,2
M0189,appointment,23
M0189,support_ticket,34
M0190,app_session,59
M0190,app_session,89
M0190,app_session,4
M0190,app_session,42
M0190,app_session,10
M0190,app_session,18
M0190,app_session,7
M0190,app_session,34
M0190,app_session,50
M0190,app_session,9
M0190,app_session,69
M0190,app_session,60
M0190,benefit_view,32
M0191,app_session,39
M0191,app_session,41
M0191,app_session,20
M0191,app_session,80
M0191,app_session,5
M0191,app_session,70
M0191,app_session,66
M0191,app_session,15
M0191,benefit_view,81
M0191,benefit_view,38
M0191,appointment,6
M0191,support_ticket,14
M0192,app_session,60
M0192,app_session,88
M0192,app_session,76
M0192,app_session,19
M0192,app_session,47
M0192,app_session,11
M0192,app_session,31
M0192,benefit_view,11
M0192,appointment,43
M0192,appointment,80
M0192,support_ticket,45
M0193,app_session,88
M0193,app_session,48
M0193,app_session,45
M0193,app_session,17
M0193,app_session,32
M0193,app_session,5
M0193,app_session,62
M0193,app_session,90
M0193,app_session,56
M0193,app_session,71
M0193,app_session,37
M0193,benefit_view,62
M0193,benefit_view,24
M0193,benefit_view,72
M0193,benefit_view,23
M0193,appointment,41
M0193,support_ticket,35
M0194,app_session,23
M0194,app_session,2
M0194,app_session,79
M0194,app_session,46
M0194,app_session,79
M0194,app_session,30
M0194,app_session,41
M0194,app_session,8
M0194,app_session,84
M0194,app_session,68
M0194,app_session,49
M0194,benefit_view,87
M0194,appointment,19
M0194,appointment,78
M0194,support_ticket,52
M0194,support_ticket,82
M0195,app_session,49
M0195,app_session,84
M0195,app_session,62
M0195,app_session,67
M0195,app_session,79
M0195,app_session,89
M0195,app_session,75
M0195,app_session,32
M0195,app_session,6
M0195,app_session,46
M0195,app_session,28
M0195,app_session,77
M0195,app_session,9
M0195,app_session,1
M0195,app_session,26
M0195,app_session,83
M0195,app_session,62
M0195,app_session,10
M0195,app_session,59
M0195,app_session,81
M0195,appointment,53
M0195,appointment,47
M0195,support_ticket,78
M0195,support_ticket,34
M0196,app_session,24
M0196,app_session,24
M0196,app_session,67
M0196,app_session,84
M0196,app_session,31
M0196,app_session,72
M0196,app_session,80
M0196,app_session,22
M0196,app_session,71
M0196,app_session,71
M0196,app_session,53
M0196,app_session,13
M0196,benefit_view,45
M0196,benefit_view,86
M0196,benefit_view,58
M0196,benefit_view,89
M0196,benefit_view,85
M0196,support_ticket,70
M0196,support_ticket,51
M0196,support_ticket,64
M0197,app_session,41
M0197,app_session,77
M0197,app_session,30
M0197,app_session,72
M0197,app_session,69
M0197,app_session,27
M0197,app_session,48
M0197,app_session,70
M0197,app_session,32
M0197,app_session,46
M0197,app_session,57
M0197,app_session,57
M0197,app_session,50
M0197,app_session,0
M0197,app_session,4
M0197,app_session,36
M0197,app_session,76
M0197,app_session,2
M0197,benefit_view,38
M0197,benefit_view,0
M0197,benefit_view,38
M0197,benefit_view,28
M0197,appointment,2
M0197,support_ticket,70
M0197,support_ticket,65
M0197,support_ticket,71
M0197,support_ticket,73
M0198,app_session,73
M0198,app_session,51
M0198,app_session,72
M0198,app_session,27
M0198,benefit_view,41
M0198,benefit_view,61
M0198,benefit_view,22
M0198,benefit_view,62
M0198,benefit_view,88
M0198,appointment,12
M0198,appointment,76
M0199,app_session,77
M0199,app_session,1
M0199,app_session,81
M0199,app_session,80
M0199,app_session,48
M0199,app_session,6
M0199,app_session,39
M0199,app_session,67
M0199,app_session,5
M0199,benefit_view,72
M0199,benefit_view,19
M0199,appointment,89
M0199,appointment,28
M0200,app_session,10
M0200,app_session,60
M0200,app_session,73
M0200,app_session,6
M0200,benefit_view,33
M0200,benefit_view,10
M0200,benefit_view,51
M0200,benefit_view,64
M0200,appointment,16
M0200,appointment,17
M0201,appointment,46
M0202,app_session,56
M0202,app_session,5
M0202,benefit_view,87
M0203,app_session,26
M0203,app_session,68
M0203,app_session,27
M0203,app_session,26
M0203,app_session,69
M0203,app_session,66
M0203,app_session,33
M0203,app_session,70
M0203,app_session,61
M0203,app_session,79
M0203,app_session,18
M0203,app_session,88
M0203,app_session,89
M0203,app_session,85
M0203,appointment,67
M0203,appointment,5
M0204,app_session,84
M0204,app_session,46
M0204,app_session,13
M0204,app_session,2
M0204,app_session,37
M0204,app_session,83
M0204,app_session,49
M0204,app_session,29
M0204,app_session,48
M0204,app_session,65
M0204,app_session,90
M0204,app_session,12
M0204,app_session,40
M0204,app_session,62
M0204,app_session,76
M0204,app_session,68
M0204,appointment,58
M0204,appointment,71
M0205,appointment,3
M0206,app_session,29
M0206,app_session,53
M0206,app_session,30
M0206,app_session,73
M0206,app_session,19
M0206,app_session,54
M0206,app_session,39
M0206,app_session,77
M0206,app_session,42
M0206,benefit_view,16
M0206,benefit_view,26
M0206,benefit_view,83
M0206,appointment,69
M0206,appointment,87
M0207,app_session,40
M0207,app_session,18
M0207,app_session,3
M0207,app_session,40
M0207,app_session,52
M0207,app_session,52
M0207,app_session,38
M0207,app_session,56
M0207,app_session,81
M0207,benefit_view,19
M0207,benefit_view,24
M0207,benefit_view,13
M0207,benefit_view,16
M0207,benefit_view,23
M0207,appointment,78
M0207,appointment,34
M0207,support_ticket,78
M0207,support_ticket,29
M0208,app_session,47
M0208,benefit_view,62
M0208,support_ticket,28
M0209,app_session,62
M0209,app_session,88
M0209,app_session,41
M0209,app_session,58
M0209,app_session,31
M0209,app_session,54
M0209,app_session,51
M0209,app_session,5
M0209,benefit_view,48
M0209,benefit_view,40
M0209,benefit_view,50
M0209,benefit_view,78
M0209,appointment,76
M0209,appointment,68
M0209,support_ticket,90
M0210,app_session,49
M0210,app_session,66
M0210,app_session,80
M0210,app_session,6
M0210,app_session,24
M0210,app_session,37
M0210,app_session,56
M0210,app_session,50
M0210,app_session,38
M0210,app_session,36
M0210,app_session,59
M0210,app_session,21
M0210,app_session,54
M0210,app_session,37
M0210,benefit_view,88
M0210,benefit_view,66
M0210,benefit_view,18
M0210,benefit_view,59
M0210,appointment,11
M0210,support_ticket,14
M0210,support_ticket,23
M0211,app_session,20
M0211,app_session,15
M0211,app_session,11
M0211,app_session,14
M0211,app_session,90
M0211,app_session,57
M0211,app_session,81
M0211,app_session,46
M0211,app_session,10
M0211,app_session,67
M0211,app_session,90
M0211,app_session,49
M0211,app_session,65
M0211,app_session,78
M0211,benefit_view,70
M0211,support_ticket,72
M0212,app_session,80
M0212,app_session,23
M0212,app_session,15
M0212,app_session,16
M0212,app_session,25
M0212,app_session,0
M0212,app_session,79
M0212,app_session,32
M0212,app_session,1
M0212,benefit_view,63
M0212,benefit_view,69
M0212,benefit_view,0
M0212,appointment,30
M0212,support_ticket,84
M0213,app_session,7
M0213,app_session,83
M0213,app_session,44
M0213,app_session,4
M0213,app_session,18
M0213,appointment,38
M0213,appointment,42
M0214,app_session,74
M0214,app_session,46
M0214,app_session,4
M0214,app_session,11
M0214,app_session,38
M0214,app_session,41
M0214,benefit_view,8
M0214,benefit_view,54
M0214,support_ticket,17
M0215,app_session,88
M0215,app_session,77
M0215,app_session,90
M0215,app_session,36
M0215,app_session,54
M0215,app_session,77
M0215,app_session,40
M0215,app_session,33
M0215,app_session,67
M0215,benefit_view,45
M0215,benefit_view,16
M0215,benefit_view,78
M0215,benefit_view,72
M0215,appointment,80
M0215,appointment,63
M0216,app_session,53
M0216,app_session,52
M0216,app_session,5
M0216,app_session,42
M0216,app_session,44
M0216,app_session,71
M0216,app_session,81
M0216,app_session,27
M0216,app_session,1
M0216,app_session,81
M0216,app_session,25
M0216,app_session,88
M0216,benefit_view,8
M0216,benefit_view,39
M0216,appointment,70
M0216,appointment,41
M0217,app_session,82
M0217,app_session,17
M0217,app_session,61
M0217,app_session,19
M0217,app_session,80
M0217,app_session,58
M0217,app_session,68
M0217,app_session,42
M0217,benefit_view,7
M0217,benefit_view,66
M0217,benefit_view,38
M0217,appointment,86
M0217,appointment,40
M0218,app_session,48
M0218,app_session,80
M0218,app_session,68
M0218,app_session,21
M0218,app_session,73
M0218,app_session,77
M0218,app_session,49
M0218,app_session,23
M0218,benefit_view,39
M0218,benefit_view,90
M0218,benefit_view,40
M0218,benefit_view,90
M0218,appointment,52
M0218,support_ticket,30
M0218,support_ticket,47
M0219,app_session,24
M0219,app_session,43
M0219,app_session,61
M0219,app_session,67
M0219,app_session,39
M0219,app_session,41
M0219,app_session,18
M0219,app_session,12
M0219,app_session,66
M0219,app_session,86
M0219,app_session,16
M0219,app_session,26
M0219,app_session,4
M0219,app_session,58
M0219,app_session,49
M0219,benefit_view,14
M0219,benefit_view,0
M0219,benefit_view,39
M0219,benefit_view,5
M0219,benefit_view,87
M0220,app_session,36
M0220,app_session,35
M0220,app_session,68
M0220,app_session,40
M0220,app_session,56
M0220,app_session,85
M0220,app_session,15
M0220,app_session,34
M0220,app_session,19
M0220,app_session,20
M0220,app_session,35
M0220,app_session,14
M0220,app_session,1
M0220,app_session,79
M0220,benefit_view,13
M0220,benefit_view,26
M0220,benefit_view,69
M0220,benefit_view,44
M0220,appointment,34
M0221,app_session,54
M0221,app_session,50
M0221,app_session,22
M0221,app_session,90
M0221,app_session,76
M0221,app_session,75
M0221,app_session,80
M0221,app_session,88
M0221,app_session,89
M0221,app_session,57
M0221,app_session,78
M0221,app_session,45
M0221,app_session,39
M0221,benefit_view,85
M0221,benefit_view,68
M0221,appointment,72
M0222,app_session,46
M0222,app_session,50
M0222,app_session,23
M0222,app_session,89
M0222,app_session,85
M0222,benefit_view,58
M0222,benefit_view,62
M0222,support_ticket,44
M0223,app_session,38
M0223,app_session,68
M0223,app_session,59
M0223,app_session,51
M0223,app_session,75
M0223,benefit_view,79
M0223,benefit_view,31
M0223,benefit_view,70
M0223,appointment,49
M0224,app_session,73
M0224,app_session,62
M0224,app_session,14
M0224,app_session,75
M0224,app_session,76
M0224,app_session,59
M0224,app_session,41
M0224,app_session,71
M0224,app_session,12
M0224,app_session,56
M0224,app_session,22
M0224,app_session,39
M0224,app_session,51
M0224,app_session,8
M0224,benefit_view,87
M0224,benefit_view,76
M0224,benefit_view,48
M0224,benefit_view,41
M0224,appointment,84
M0224,appointment,7
M0225,app_session,38
M0225,app_session,55
M0225,app_session,44
M0225,app_session,11
M0225,app_session,74
M0225,appointment,16
M0225,support_ticket,47
M0226,app_session,80
M0226,app_session,40
M0226,app_session,48
M0226,app_session,51
M0226,app_session,48
M0226,app_session,55
M0226,app_session,69
M0226,app_session,27
M0226,app_session,84
M0226,app_session,22
M0226,benefit_view,24
M0226,benefit_view,71
M0226,benefit_view,49
M0226,appointment,19
M0227,app_session,89
M0227,app_session,77
M0227,app_session,54
M0227,app_session,79
M0227,app_session,23
M0227,app_session,58
M0227,app_session,65
M0227,app_session,54
M0227,app_session,70
M0227,app_session,57
M0227,app_session,49
M0227,app_session,45
M0227,app_session,28
M0227,app_session,23
M0227,app_session,54
M0227,benefit_view,73
M0227,benefit_view,63
M0227,benefit_view,30
M0227,benefit_view,64
M0227,appointment,69
M0228,app_session,59
M0228,app_session,66
M0228,app_session,10
M0228,app_session,66
M0228,app_session,78
M0228,app_session,11
M0228,app_session,31
M0228,app_session,60
M0228,app_session,80
M0228,app_session,84
M0228,app_session,85
M0228,app_session,9
M0228,app_session,87
M0228,app_session,81
M0228,app_session,69
M0228,app_session,74
M0228,app_session,39
M0228,benefit_view,43
M0228,benefit_view,68
M0228,benefit_view,1
M0228,benefit_view,60
M0228,appointment,60
M0228,appointment,73
M0228,support_ticket,53
M0229,app_session,84
M0229,app_session,37
M0229,app_session,79
M0229,app_session,3
M0229,app_session,36
M0229,app_session,62
M0229,app_session,10
M0229,app_session,16
M0229,app_session,64
M0229,app_session,9
M0229,app_session,35
M0229,app_session,32
M0229,app_session,16
M0229,app_session,78
M0229,app_session,35
M0229,app_session,35
M0229,benefit_view,14
M0229,benefit_view,77
M0229,appointment,19
M0229,appointment,84
M0229,support_ticket,22
M0230,app_session,52
M0230,app_session,49
M0230,app_session,30
M0230,app_session,84
M0230,app_session,56
M0230,benefit_view,21
M0230,benefit_view,26
M0230,benefit_view,73
M0230,benefit_view,44
M0230,benefit_view,6
M0230,appointment,14
M0231,app_session,36
M0231,app_session,57
M0231,app_session,48
M0231,app_session,86
M0231,app_session,40
M0231,app_session,67
M0231,app_session,87
M0231,app_session,5
M0231,app_session,12
M0231,app_session,68
M0231,app_session,81
M0231,app_session,45
M0231,app_session,55
M0231,app_session,78
M0231,app_session,83
M0231,app_session,34
M0231,app_session,42
M0231,app_session,34
M0231,app_session,34
M0231,appointment,50
M0231,appointment,59
M0232,app_session,67
M0232,app_session,13
M0232,app_session,87
M0232,app_session,57
M0232,app_session,44
M0232,benefit_view,36
M0233,app_session,84
M0233,app_session,82
M0233,app_session,72
M0233,app_session,23
M0233,app_session,14
M0233,app_session,89
M0233,app_session,23
M0233,app_session,32
M0233,app_session,37
M0233,app_session,59
M0233,app_session,84
M0233,appointment,54
M0233,support_ticket,41
M0234,app_session,56
M0234,app_session,8
M0234,app_session,62
M0234,app_session,25
M0234,app_session,78
M0234,app_session,50
M0234,benefit_view,62
M0235,app_session,0
M0235,app_session,4
M0235,app_session,85
M0235,app_session,49
M0235,app_session,34
M0235,app_session,19
M0235,app_session,89
M0235,app_session,42
M0235,app_session,50
M0235,app_session,73
M0235,appointment,61
M0235,support_ticket,8
M0236,app_session,38
M0236,app_session,51
M0236,app_session,7
M0236,app_session,80
M0236,app_session,82
M0236,app_session,11
M0236,app_session,46
M0236,app_session,68
M0236,app_session,43
M0236,app_session,10
M0236,benefit_view,82
M0236,benefit_view,25
M0236,benefit_view,22
M0236,support_ticket,24
M0237,app_session,62
M0237,app_session,49
M0237,app_session,8
M0237,app_session,69
M0237,app_session,82
M0237,app_session,39
M0237,app_session,63
M0237,benefit_view,2
M0237,benefit_view,4
M0237,benefit_view,43
M0237,benefit_view,7
M0237,appointment,5
M0237,appointment,51
M0238,app_session,83
M0238,app_session,2
M0238,app_session,60
M0238,app_session,79
M0238,app_session,5
M0238,app_session,31
M0238,app_session,89
M0238,app_session,83
M0238,app_session,16
M0238,app_session,1
M0238,benefit_view,6
M0239,benefit_view,15
M0239,benefit_view,87
M0239,benefit_view,73
M0240,app_session,5
M0240,app_session,17
M0240,app_session,12
M0240,app_session,80
M0240,app_session,78
M0240,app_session,48
M0240,app_session,20
M0240,app_session,2
M0240,app_session,62
M0240,support_ticket,83
M0241,app_session,88
M0241,app_session,4
M0241,app_session,76
M0241,app_session,23
M0241,app_session,63
M0241,app_session,78
M0241,app_session,11
M0241,app_session,80
M0241,app_session,38
M0241,app_session,44
M0241,benefit_view,71
M0241,benefit_view,30
M0241,benefit_view,24
M0241,appointment,12
M0241,appointment,79
M0242,app_session,22
M0242,benefit_view,5
M0242,appointment,46
M0242,appointment,36
M0243,app_session,30
M0243,app_session,56
M0243,app_session,75
M0243,app_session,74
M0243,app_session,41
M0243,app_session,53
M0243,benefit_view,86
M0243,support_ticket,29
M0243,support_ticket,12
M0243,support_ticket,30
M0244,app_session,58
M0244,app_session,22
M0244,app_session,49
M0244,app_session,47
M0244,app_session,17
M0244,app_session,58
M0244,app_session,24
M0244,app_session,80
M0244,app_session,45
M0244,benefit_view,42
M0244,benefit_view,16
M0244,appointment,72
M0244,appointment,7
M0245,app_session,29
M0245,app_session,11
M0245,app_session,52
M0245,benefit_view,27
M0245,benefit_view,75
M0245,benefit_view,60
M0245,benefit_view,59
M0246,app_session,5
M0246,app_session,5
M0246,app_session,60
M0246,app_session,64
M0246,app_session,4
M0246,app_session,54
M0246,app_session,67
M0246,app_session,50
M0246,app_session,61
M0246,app_session,89
M0246,app_session,12
M0246,app_session,57
M0246,app_session,63
M0246,app_session,30
M0246,app_session,10
M0246,app_session,71
M0246,app_session,1
M0246,benefit_view,52
M0246,benefit_view,27
M0246,benefit_view,16
M0246,benefit_view,45
M0246,benefit_view,37
M0246,appointment,11
M0246,appointment,2
M0246,support_ticket,39
M0246,support_ticket,20
M0247,app_session,90
M0247,app_session,81
M0247,app_session,0
M0247,app_session,80
M0247,app_session,9
M0247,app_session,49
M0247,app_session,88
M0247,app_session,42
M0247,app_session,67
M0247,app_session,4
M0247,app_session,37
M0247,app_session,54
M0247,app_session,34
M0247,app_session,89
M0247,benefit_view,73
M0247,benefit_view,26
M0247,benefit_view,87
M0247,benefit_view,10
M0247,appointment,7
M0248,app_session,26
M0248,app_session,17
M0248,app_session,42
M0248,app_session,30
M0248,app_session,69
M0248,app_session,14
M0248,app_session,83
M0248,app_session,61
M0248,app_session,74
M0248,benefit_view,28
M0248,benefit_view,41
M0248,benefit_view,45
M0248,benefit_view,34
M0248,benefit_view,64
M0248,appointment,35
M0249,app_session,8
M0249,app_session,24
M0249,app_session,58
M0249,app_session,11
M0249,app_session,10
M0249,app_session,50
M0249,app_session,22
M0249,app_session,36
M0249,app_session,9
M0249,app_session,13
M0249,app_session,21
M0249,benefit_view,89
M0249,benefit_view,18
M0249,support_ticket,80
M0250,app_session,8
M0250,app_session,2
M0250,app_session,29
M0250,app_session,66
M0250,benefit_view,52
M0250,benefit_view,74
M0250,benefit_view,43
M0250,benefit_view,83
M0250,benefit_view,82
M0250,appointment,75
M0251,app_session,45
M0251,app_session,36
M0251,app_session,58
M0251,app_session,21
M0251,app_session,79
M0251,app_session,20
M0251,app_session,68
M0251,app_session,36
M0251,app_session,23
M0251,app_session,22
M0251,app_session,90
M0251,app_session,88
M0251,benefit_view,20
M0251,benefit_view,30
M0251,benefit_view,14
M0251,benefit_view,5
M0251,benefit_view,40
M0252,app_session,38
M0252,app_session,15
M0252,app_session,3
M0252,app_session,51
M0252,app_session,63
M0252,app_session,18
M0252,benefit_view,19
M0252,benefit_view,0
M0252,benefit_view,69
M0252,appointment,82
M0253,app_session,5
M0253,app_session,17
M0253,app_session,86
M0253,app_session,70
M0253,app_session,14
M0253,app_session,39
M0253,app_session,3
M0253,app_session,51
M0253,app_session,79
M0253,app_session,28
M0253,app_session,57
M0253,app_session,45
M0253,app_session,11
M0253,app_session,41
M0253,app_session,7
M0253,app_session,77
M0253,benefit_view,74
M0253,benefit_view,67
M0253,benefit_view,28
M0253,benefit_view,35
M0253,benefit_view,25
M0253,support_ticket,86
M0254,app_session,18
M0254,app_session,54
M0254,app_session,47
M0254,app_session,49
M0254,app_session,47
M0254,app_session,1
M0254,app_session,36
M0254,app_session,44
M0254,benefit_view,57
M0254,benefit_view,71
M0255,app_session,38
M0255,app_session,60
M0255,app_session,67
M0255,app_session,42
M0255,app_session,8
M0255,app_session,75
M0255,app_session,48
M0255,app_session,11
M0255,app_session,0
M0255,app_session,52
M0255,app_session,81
M0255,app_session,34
M0255,app_session,53
M0255,benefit_view,59
M0255,appointment,17
M0255,appointment,25
M0255,support_ticket,37
M0256,benefit_view,81
M0256,benefit_view,81
M0256,support_ticket,36
M0257,app_session,55
M0257,app_session,33
M0257,app_session,80
M0257,app_session,87
M0257,app_session,60
M0257,app_session,88
M0257,app_session,15
M0257,app_session,47
M0257,app_session,65
M0257,benefit_view,2
M0257,benefit_view,33
M0257,benefit_view,20
M0257,benefit_view,74
M0257,benefit_view,7
M0257,appointment,59
M0258,app_session,24
M0258,app_session,80
M0258,app_session,23
M0258,app_session,12
M0258,app_session,76
M0258,app_session,21
M0258,app_session,69
M0258,app_session,41
M0258,app_session,40
M0258,app_session,87
M0258,app_session,38
M0258,benefit_view,89
M0258,benefit_view,88
M0258,support_ticket,45
M0258,support_ticket,18
M0259,app_session,88
M0259,app_session,67
M0259,app_session,68
M0259,app_session,70
M0259,benefit_view,53
M0259,benefit_view,58
M0259,benefit_view,9
M0259,benefit_view,14
M0259,benefit_view,16
M0259,appointment,44
M0260,app_session,28
M0260,app_session,16
M0260,app_session,88
M0260,app_session,18
M0260,app_session,88
M0260,app_session,29
M0260,app_session,39
M0260,app_session,16
M0260,app_session,26
M0260,benefit_view,54
M0261,app_session,15
M0261,app_session,77
M0261,app_session,26
M0261,app_session,75
M0261,app_session,25
M0261,app_session,23
M0261,app_session,85
M0261,app_session,44
M0261,app_session,3
M0261,app_session,11
M0261,benefit_view,35
M0261,appointment,45
M0262,app_session,68
M0262,app_session,0
M0262,app_session,12
M0262,benefit_view,90
M0262,appointment,89
M0262,support_ticket,56
M0263,app_session,63
M0263,app_session,46
M0263,app_session,90
M0263,app_session,36
M0263,app_session,71
M0263,app_session,5
M0264,app_session,86
M0264,app_session,47
M0264,app_session,22
M0264,app_session,1
M0264,app_session,86
M0264,app_session,62
M0264,app_session,86
M0264,app_session,13
M0264,app_session,50
M0264,app_session,56
M0264,app_session,66
M0264,benefit_view,10
M0264,benefit_view,15
M0264,benefit_view,18
M0264,benefit_view,50
M0264,benefit_view,51
M0264,appointment,13
M0264,appointment,21
M0264,support_ticket,25
M0265,app_session,45
M0265,app_session,60
M0265,app_session,85
M0265,app_session,77
M0265,app_session,51
M0265,app_session,62
M0265,app_session,65
M0265,app_session,35
M0265,app_session,18
M0265,app_session,58
M0265,app_session,13
M0265,app_session,15
M0265,app_session,32
M0265,app_session,62
M0265,app_session,63
M0265,benefit_view,17
M0266,app_session,66
M0266,app_session,63
M0266,app_session,59
M0266,app_session,25
M0266,app_session,37
M0266,app_session,84
M0266,app_session,63
M0266,app_session,62
M0266,app_session,64
M0266,app_session,33
M0266,app_session,69
M0266,app_session,43
M0266,app_session,69
M0266,app_session,69
M0266,app_session,2
M0266,appointment,57
M0266,support_ticket,56
M0267,app_session,86
M0267,app_session,62
M0267,app_session,84
M0267,app_session,70
M0267,app_session,87
M0267,app_session,69
M0267,app_session,73
M0267,app_session,60
M0267,app_session,60
M0267,app_session,71
M0267,app_session,20
M0267,benefit_view,50
M0267,benefit_view,33
M0267,benefit_view,63
M0267,benefit_view,75
M0267,appointment,86
M0267,appointment,45
M0268,app_session,12
M0268,app_session,54
M0268,app_session,44
M0268,app_session,45
M0268,app_session,52
M0268,benefit_view,84
M0268,benefit_view,31
M0269,app_session,34
M0269,app_session,2
M0269,app_session,89
M0269,app_session,60
M0269,app_session,75
M0269,app_session,2
M0269,app_session,40
M0269,benefit_view,49
M0269,benefit_view,41
M0269,benefit_view,73
M0269,appointment,12
M0270,app_session,9
M0270,app_session,68
M0270,app_session,27
M0270,app_session,36
M0270,app_session,33
M0270,app_session,6
M0270,app_session,38
M0270,app_session,73
M0270,app_session,51
M0270,app_session,28
M0270,app_session,79
M0270,app_session,11
M0270,app_session,74
M0270,appointment,8
M0271,app_session,65
M0271,app_session,58
M0271,app_session,85
M0271,app_session,70
M0271,app_session,23
M0271,app_session,2
M0271,benefit_view,66
M0271,benefit_view,23
M0271,benefit_view,73
M0271,benefit_view,63
M0271,benefit_view,27
M0271,appointment,59
M0271,appointment,34
M0272,app_session,55
M0272,app_session,52
M0272,app_session,40
M0272,app_session,8
M0272,app_session,81
M0272,benefit_view,34
M0272,appointment,20
M0272,appointment,32
M0273,app_session,20
M0273,app_session,34
M0273,app_session,17
M0273,app_session,3
M0273,app_session,33
M0273,app_session,35
M0273,app_session,84
M0273,app_session,70
M0273,app_session,22
M0273,app_session,82
M0273,app_session,5
M0273,app_session,62
M0273,app_session,2
M0273,app_session,7
M0273,app_session,10
M0273,app_session,40
M0273,app_session,77
M0273,benefit_view,52
M0273,benefit_view,46
M0273,appointment,11
M0273,appointment,50
M0274,app_session,11
M0274,app_session,30
M0274,app_session,76
M0274,app_session,15
M0274,app_session,40
M0274,app_session,42
M0274,app_session,74
M0274,app_session,49
M0274,app_session,30
M0274,app_session,54
M0274,benefit_view,13
M0275,app_session,60
M0275,benefit_view,39
M0275,benefit_view,2
M0275,benefit_view,82
M0275,benefit_view,77
M0275,benefit_view,4
M0275,appointment,6
M0275,appointment,88
M0276,app_session,1
M0276,app_session,50
M0276,app_session,32
M0276,app_session,38
M0276,app_session,11
M0276,app_session,30
M0276,app_session,38
M0276,benefit_view,56
M0276,appointment,82
M0276,support_ticket,35
M0276,support_ticket,10
M0277,app_session,77
M0277,app_session,70
M0277,app_session,41
M0277,app_session,58
M0277,app_session,88
M0277,app_session,3
M0277,support_ticket,82
M0277,support_ticket,17
M0278,app_session,76
M0278,app_session,87
M0278,app_session,52
M0278,app_session,40
M0278,app_session,57
M0278,app_session,61
M0278,app_session,17
M0278,app_session,33
M0278,app_session,22
M0278,app_session,87
M0278,app_session,75
M0278,app_session,41
M0278,app_session,36
M0278,benefit_view,53
M0279,app_session,51
M0279,app_session,79
M0279,benefit_view,33
M0279,benefit_view,19
M0279,benefit_view,11
M0279,support_ticket,1
M0279,support_ticket,67
M0280,app_session,63
M0280,app_session,48
M0280,app_session,16
M0280,app_session,55
M0280,app_session,26
M0280,app_session,76
M0280,benefit_view,86
M0280,appointment,23
M0280,support_ticket,3
M0281,app_session,87
M0281,app_session,27
M0281,app_session,49
M0281,app_session,90
M0281,app_session,54
M0281,app_session,76
M0281,app_session,32
M0281,app_session,9
M0281,app_session,12
M0281,benefit_view,6
M0281,benefit_view,42
M0281,benefit_view,30
M0281,benefit_view,60
M0281,appointment,85
M0281,appointment,76
M0282,app_session,22
M0282,app_session,33
M0282,app_session,21
M0282,app_session,64
M0282,app_session,63
M0282,app_session,43
M0282,app_session,59
M0282,app_session,16
M0282,app_session,11
M0282,app_session,40
M0282,app_session,90
M0282,app_session,67
M0282,app_session,55
M0282,app_session,18
M0282,app_session,33
M0282,support_ticket,46
M0282,support_ticket,55
M0282,support_ticket,36
M0283,app_session,24
M0283,app_session,19
M0283,app_session,6
M0283,app_session,29
M0283,app_session,23
M0283,app_session,4
M0283,app_session,60
M0283,app_session,33
M0283,app_session,20
M0283,app_session,90
M0283,app_session,59
M0283,app_session,55
M0283,app_session,14
M0283,benefit_view,56
M0283,benefit_view,45
M0283,benefit_view,90
M0283,appointment,58
M0283,support_ticket,18
M0284,app_session,27
M0284,app_session,74
M0284,app_session,0
M0284,app_session,67
M0284,app_session,73
M0284,app_session,23
M0284,app_session,53
M0284,app_session,9
M0284,app_session,31
M0284,app_session,63
M0284,app_session,86
M0284,app_session,12
M0284,app_session,42
M0284,app_session,3
M0284,app_session,36
M0284,app_session,87
M0284,benefit_view,50
M0284,benefit_view,47
M0284,benefit_view,75
M0284,benefit_view,13
M0284,benefit_view,41
M0284,support_ticket,90
M0284,support_ticket,84
M0285,app_session,16
M0285,app_session,27
M0285,app_session,6
M0285,app_session,82
M0285,app_session,36
M0285,app_session,41
M0285,appointment,77
M0285,appointment,48
M0285,support_ticket,32
M0286,app_session,19
M0286,app_session,15
M0286,app_session,38
M0286,app_session,62
M0286,app_session,55
M0286,benefit_view,87
M0286,benefit_view,77
M0286,benefit_view,16
M0286,benefit_view,45
M0286,benefit_view,85
M0286,appointment,65
M0287,app_session,59
M0287,benefit_view,82
M0287,benefit_view,87
M0287,benefit_view,19
M0287,benefit_view,63
M0287,benefit_view,67
M0287,appointment,67
M0287,appointment,10
M0288,app_session,72
M0288,app_session,6
M0288,app_session,70
M0288,app_session,9
M0288,app_session,5
M0288,app_session,65
M0288,app_session,13
M0288,app_session,65
M0288,app_session,54
M0288,app_session,52
M0288,app_session,12
M0288,app_session,59
M0288,benefit_view,72
M0288,benefit_view,32
M0288,benefit_view,45
M0288,benefit_view,32
M0288,benefit_view,74
M0288,appointment,2
M0288,appointment,14
M0288,support_ticket,59
M0288,support_ticket,22
M0288,support_ticket,23
M0288,support_ticket,50
M0289,app_session,23
M0289,app_session,10
M0289,app_session,77
M0289,app_session,33
M0289,app_session,86
M0289,support_ticket,14
M0290,app_session,46
M0290,app_session,88
M0290,app_session,86
M0290,app_session,88
M0290,app_session,86
M0290,app_session,50
M0290,app_session,38
M0290,app_session,11
M0290,app_session,16
M0290,app_session,17
M0290,app_session,1
M0290,app_session,24
M0290,app_session,14
M0290,app_session,2
M0290,app_session,89
M0290,app_session,24
M0290,appointment,18
M0290,appointment,83
M0290,support_ticket,80
M0290,support_ticket,68
M0291,app_session,74
M0291,app_session,31
M0291,app_session,25
M0291,app_session,37
M0291,app_session,72
M0291,app_session,50
M0291,app_session,6
M0291,benefit_view,13
M0291,benefit_view,80
M0291,appointment,53
M0291,support_ticket,74
M0291,support_ticket,76
M0292,app_session,7
M0292,app_session,67
M0292,app_session,2
M0292,app_session,54
M0292,app_session,73
M0292,app_session,40
M0292,app_session,70
M0292,app_session,8
M0292,app_session,34
M0292,benefit_view,60
M0292,benefit_view,14
M0292,benefit_view,63
M0292,benefit_view,79
M0292,benefit_view,82
M0292,appointment,89
M0292,support_ticket,20
M0293,app_session,49
M0293,app_session,53
M0293,benefit_view,46
M0293,benefit_view,60
M0293,benefit_view,20
M0293,benefit_view,79
M0293,benefit_view,26
M0293,appointment,11
M0293,appointment,85
M0294,app_session,45
M0294,app_session,33
M0294,app_session,45
M0294,app_session,86
M0294,app_session,20
M0294,app_session,22
M0294,app_session,64
M0294,app_session,4
M0295,app_session,85
M0295,app_session,13
M0295,app_session,90
M0295,app_session,6
M0295,app_session,56
M0295,app_session,58
M0295,app_session,14
M0295,app_session,13
M0295,app_session,78
M0295,app_session,78
M0295,appointment,13
M0295,appointment,21
M0295,support_ticket,26
M0295,support_ticket,46
M0296,benefit_view,53
M0296,support_ticket,36
M0297,app_session,52
M0297,app_session,52
M0297,app_session,58
M0297,app_session,66
M0297,app_session,87
M0297,app_session,46
M0297,app_session,3
M0297,app_session,56
M0297,app_session,18
M0298,app_session,80
M0298,app_session,84
M0298,app_session,66
M0298,app_session,37
M0298,benefit_view,87
M0298,benefit_view,89
M0298,benefit_view,70
M0298,appointment,40
M0298,appointment,44
M0299,app_session,25
M0299,app_session,38
M0299,app_session,10
M0299,app_session,4
M0299,app_session,68
M0299,app_session,42
M0299,app_session,49
M0299,app_session,16
M0299,app_session,66
M0299,app_session,69
M0299,benefit_view,11
M0299,benefit_view,65
M0299,appointment,66
M0299,support_ticket,20
M0300,app_session,7
M0300,app_session,47
M0300,app_session,33
M0300,app_session,80
M0300,app_session,64
M0300,app_session,45
M0300,app_session,15
M0300,app_session,6
M0300,app_session,83
M0300,app_session,15
M0300,app_session,57
M0300,app_session,38
M0300,app_session,73
M0300,app_session,0
M0300,app_session,58
M0300,benefit_view,74
M0300,benefit_view,72
M0300,appointment,85
M0300,appointment,68
